Country,2018,2019
Afghanistan,,
Africa Eastern and Southern,25.3063998411714,23.9260802442032
Africa Western and Central,,
Albania,31.1140135421951,30.9361224858484
Algeria,23.423105738908,20.407941949491
American Samoa,68.2316118935837,61.6692426584235
Andorra,,
Angola,40.8362898299819,40.7907550532833
Antigua and Barbuda,62.470548111624,69.1646948026456
Arab World,44.6149788326256,42.3849285002328
Argentina,14.4366857499034,17.9248783778462
Armenia,39.3928940286073,41.3508013620849
Aruba,72.2527739552586,73.2345915426225
Australia,21.8940905352475,24.1596779983146
Austria,55.7022394735073,55.8958073929339
Azerbaijan,54.0922938620586,49.0506275016423
"Bahamas, The",35.251809785322,34.9807938540333
Bahrain,75.7153726820796,73.0944239873751
Bangladesh,12.6747879443391,13.0947573353039
Barbados,,
Belarus,70.4550452625374,65.0945839929757
Belgium,83.4830567161373,82.9674275396401
Belize,51.5643737054399,51.8569693924549
Benin,27.2742306189085,29.6305271935478
Bermuda,51.4791563825902,51.7434243981752
Bhutan,29.1897191930732,31.4575032617598
Bolivia,25.9887950588635,24.9672622840166
Bosnia and Herzegovina,41.9845635628313,40.0400711149533
Botswana,44.2281439237392,37.0878176552067
Brazil,14.6349994955075,14.1229191913178
British Virgin Islands,,
Brunei Darussalam,51.9332397479681,57.9460406090157
Bulgaria,65.7651341270555,64.1822870820611
Burkina Faso,28.0789061419219,29.2576956572794
Burundi,5.6856543143069,5.17203999926172
Cabo Verde,45.865993464408,46.7050331370949
Cambodia,55.4713973566208,55.4468679729119
Cameroon,18.7362534690181,19.8500907473186
Canada,32.3254037264858,32.3526958202565
Caribbean small states,,
Cayman Islands,71.587849798792,69.4710255697764
Central African Republic,15.9400300007701,15.7553800018083
Central Europe and the Baltics,62.8389526971536,61.7215440431817
Chad,25.8447812653289,24.968456965958
Channel Islands,,
Chile,28.5290447397579,27.8746677570512
China,18.7705198029033,18.055706959796
Colombia,15.8997196775431,15.8680386541241
Comoros,12.909022989086,12.7734606325226
"Congo, Dem. Rep.",32.5535282647371,25.8676651009614
"Congo, Rep.",62.2105922950548,56.1988143702835
Costa Rica,33.7385107761818,34.3253215592844
Cote d'Ivoire,22.6941999168587,22.6604887650452
Croatia,49.1092106291889,50.4892350523665
Cuba,14.5227333911607,12.2133743797594
Curacao,63.2460008659465,
Cyprus,74.511134620546,75.7588676037208
Czechia,75.6097814865591,72.1248511386482
Denmark,56.9833683807386,58.9506079167167
Djibouti,156.619986522272,166.717864481384
Dominica,,
Dominican Republic,23.993089643769,23.325332586795
Early-demographic dividend,25.7631122324718,24.7149763100036
East Asia & Pacific,28.8156766998523,27.6126844403283
East Asia & Pacific (IDA & IBRD countries),22.9707719685091,22.055602446993
East Asia & Pacific (excluding high income),22.9721209933365,22.0569161027075
Ecuador,23.5438701347327,24.0486345985713
"Egypt, Arab Rep.",17.984655608418,16.6440314510365
El Salvador,28.9343737810256,29.9559096080003
Equatorial Guinea,59.6145347244398,51.1307495482003
Eritrea,,
Estonia,72.9004951572088,72.0191543549198
Eswatini,40.863798582106,44.761705694096
Ethiopia,8.37267815589761,7.93996502459584
Euro area,47.0550016412081,47.3078898391143
Europe & Central Asia,44.5311083965316,44.4587131208568
Europe & Central Asia (IDA & IBRD countries),37.4513703292445,36.5158626268023
Europe & Central Asia (excluding high income),36.5427334676433,36.7350833031766
European Union,48.2297316018383,48.5093967942336
Faroe Islands,52.8180066352782,55.7701753016943
Fiji,47.7487957741689,48.4609021522354
Finland,39.1492205860158,40.6183181143561
Fragile and conflict affected situations,,
France,32.9179818922164,32.8895593910847
French Polynesia,20.9791687502218,20.5923590296429
Gabon,54.2990764910062,51.4310732271996
"Gambia, The",22.2881797710858,20.1658912380486
Georgia,49.6955410587561,54.3043084100873
Germany,42.6073917339186,42.3863044855837
Ghana,33.4548954489265,37.4495998625311
Gibraltar,,
Greece,38.630976154138,39.5602917930958
Greenland,44.4545789045455,41.0427004962382
Grenada,,
Guam,19.2530160304082,22.2501966955153
Guatemala,18.1693265265636,17.6119761529528
Guinea,40.2070955328741,35.0420493356329
Guinea-Bissau,25.4768673297515,18.3667190776921
Guyana,,
Haiti,10.7808225917355,10.5576734334849
Heavily indebted poor countries (HIPC),23.4011221103174,22.8242643638227
High income,31.8358433450337,30.949900036253
Honduras,41.4548165613247,40.2189637388964
"Hong Kong SAR, China",188.339507002291,177.651315174364
Hungary,83.3967795001256,81.065700696964
IBRD only,25.102136941911,24.1958935416205
IDA & IBRD total,24.6658253676495,23.7934077734655
IDA blend,,
IDA only,21.6079549881609,21.3949280932787
IDA total,19.9324064881588,19.7773040692743
Iceland,46.0467623881339,43.7132484395931
India,19.9278285988562,18.664264897257
Indonesia,21.0027464972455,18.5915277970883
"Iran, Islamic Rep.",31.1163801000709,23.4838672675323
Iraq,40.8026420265318,38.0518681988838
Ireland,122.965602851189,127.271542898368
Isle of Man,,
Israel,29.6925022331652,28.9810422486608
Italy,30.8135072735991,30.9498739181942
Jamaica,38.5638482851901,38.0360807474106
Japan,18.3149455985223,17.4635264275221
Jordan,34.7991158378548,36.3349404358171
Kazakhstan,37.6252184252873,36.4389870990994
Kenya,12.541975333359,11.4279956869332
Kiribati,8.19035018888372,14.9796668239413
"Korea, Dem. People's Rep.",,
"Korea, Rep.",41.7132908430894,39.2758610673609
Kosovo,29.0534647196644,29.3126074591152
Kuwait,57.3114627654536,52.05825607288
Kyrgyz Republic,31.6017300051143,33.4764696600324
Lao PDR,,
Late-demographic dividend,28.5554320834823,27.7991156761077
Latin America & Caribbean,24.0826414510544,24.3164314108237
Latin America & Caribbean (excluding high income),22.6649849898013,22.9048984614814
Latin America & the Caribbean (IDA & IBRD countries),23.572367910416,23.8133170199594
Latvia,63.8698186932234,62.5368430163073
Least developed countries: UN classification,21.0530099531448,20.3748815895979
Lebanon,20.7545211587566,20.6977589567577
Lesotho,49.8331114219045,46.2093281781161
Liberia,,
Libya,39.6135044170514,42.35532240076
Liechtenstein,,
Lithuania,74.5295191317116,76.8187229886379
Low & middle income,23.4514100457126,22.6358966815552
Low income,21.8635980267336,20.3624423929885
Lower middle income,24.7722058753395,24.1114447322667
Luxembourg,197.218199953374,206.580145839872
"Macao SAR, China",82.6699616409331,82.706393125478
Madagascar,31.5360236539412,28.4244012431975
Malawi,,
Malaysia,68.554971419686,65.2777668428576
Maldives,66.4483006480268,65.5134179400092
Mali,20.5990590578805,21.7272254994959
Malta,123.349303715058,124.520039892667
Marshall Islands,39.7257727272727,37.0618720480893
Mauritania,36.5862504012937,42.3975240406607
Mauritius,44.6430035576656,44.0209877603943
Mexico,39.043930445163,38.5296507920009
"Micronesia, Fed. Sts.",36.3735714285714,26.7941370558376
"Middle East, North Africa, Afghanistan & Pakistan",39.2110399775107,37.3096635741868
"Middle East, North Africa, Afghanistan & Pakistan (IDA & IBRD)",25.4392387948957,23.3067083664383
"Middle East, North Africa, Afghanistan & Pakistan (excluding high income)",25.3564141656491,23.2333546628282
Middle income,23.4809334840358,22.6725423550042
Moldova,30.6963699430194,31.1910849579769
Monaco,,
Mongolia,58.1647822769264,59.2172331806539
Montenegro,42.8750002680603,43.8466387797969
Morocco,33.8284373726717,34.093057468891
Mozambique,45.5310358403147,37.1420563608323
Myanmar,,
Namibia,35.8825645595703,36.4008818615818
Nauru,54.7357932374749,60.5348040613131
Nepal,7.81564102178754,7.7799364745157
Netherlands,87.0564594492635,85.3209394926528
New Caledonia,,
New Zealand,27.8656152284463,27.3298341875002
Nicaragua,42.2771474372665,44.8044297851925
Niger,11.2957371550569,10.7593769160532
Nigeria,,
North America,13.843935175664,13.341448753549
North Macedonia,60.3751373173263,62.4080567878813
Northern Mariana Islands,50.7302075326672,42.4936386768448
Norway,38.2210272883516,36.640925320627
Not classified,,
OECD members,28.4118189759597,27.7960842559018
Oman,50.6224420190996,49.4929030047786
Other small states,67.4906477219808,68.4501727184157
Pacific island small states,43.4682832221971,42.3881080619703
Pakistan,8.58179960556073,9.3908635386027
Palau,41.9704913908097,37.9030976627784
Panama,42.3471044929045,40.2141745207689
Papua New Guinea,,
Paraguay,36.8532235364332,36.0872909434467
Peru,25.1921846722472,24.0390874349068
Philippines,30.2136053733275,28.3829200126393
Poland,52.232575443975,52.6128934811742
Portugal,43.677580570852,43.6531259432991
Post-demographic dividend,29.4455040738789,28.6138751618785
Pre-demographic dividend,25.2977909176776,23.0555087994435
Puerto Rico (US),59.9538818579193,60.5788840862048
Qatar,55.9418631716143,52.1888599262863
Romania,41.496339902776,40.079314554834
Russian Federation,30.7932568020743,28.4334306799759
Rwanda,21.10801098862,21.8254435390056
Samoa,31.9656782036393,35.033330142378
San Marino,166.597497668983,163.997239164221
Sao Tome and Principe,,
Saudi Arabia,35.5209831625769,32.159204977113
Senegal,22.9490914783308,24.9831341973865
Serbia,48.6702102411693,48.9609956559925
Seychelles,87.0444044109968,82.3562686214226
Sierra Leone,11.2388259485764,9.69026986030876
Singapore,178.198251436118,176.891299992751
Sint Maarten (Dutch part),,
Slovak Republic,94.9268326476368,91.8440865121276
Slovenia,85.5686370516669,84.3570583498527
Small states,68.778229262547,69.5346651253046
Solomon Islands,42.1262386063781,36.4969019192988
"Somalia, Fed. Rep.",14.2123377080084,13.0675548124059
South Africa,27.4970371508423,27.2021294051151
South Asia,19.1957804820547,18.1387691773124
South Asia (IDA & IBRD),19.1957804820547,18.1387691773124
South Sudan,,
Spain,34.874813986254,34.6755629292261
Sri Lanka,21.4462486146411,21.8235309247363
St. Kitts and Nevis,,
St. Lucia,,
St. Martin (French part),,
St. Vincent and the Grenadines,,
Sub-Saharan Africa,24.4067562264435,22.8518860394826
Sub-Saharan Africa (IDA & IBRD countries),24.4067562264435,22.8518860394826
Sub-Saharan Africa (excluding high income),25.0872401804059,23.5527306764014
Sudan,7.65020198466392,8.45298341762853
Suriname,,
Sweden,45.8909449211588,48.2412138172619
Switzerland,67.4781861031999,66.9653936798419
Syrian Arab Republic,14.9170277126093,13.0100664640827
Tajikistan,14.3754784742862,14.9799392742745
Tanzania,14.7391433931711,16.0367461484986
Thailand,64.838096899332,59.5188906218859
Timor-Leste,2.93153173338197,21.2143178464812
Togo,24.2239524638869,23.8124527104537
Tonga,21.3767137575036,22.7656694071931
Trinidad and Tobago,,
Tunisia,45.4854826504286,45.9504933345152
Turkiye,31.2326962348151,33.0742160572998
Turkmenistan,29.8999852816462,24.7336007327164
Turks and Caicos Islands,,
Tuvalu,,
Uganda,15.0870530611511,17.1090580167383
Ukraine,45.2352356625927,41.2316912560049
United Arab Emirates,93.7169810154613,96.8595999294072
United Kingdom,31.5801113597336,31.63478028095
United States,12.2871107596266,11.7891974097286
Upper middle income,23.2649885220752,22.4220136133241
Uruguay,26.4215439434306,27.9053695836796
Uzbekistan,24.1769774001867,25.3501332976894
Vanuatu,56.6105327921724,50.3452768729642
"Venezuela, RB",,
Viet Nam,84.4234560833365,85.1575874073411
Virgin Islands (U.S.),53.1226102472598,54.9623877699587
West Bank and Gaza,15.961564454493,15.5210552426533
World,28.9034049628482,28.0141587147595
"Yemen, Rep.",8.75610238246296,
Zambia,37.9574045480394,34.6361926031881
Zimbabwe,26.1640511708711,27.5541700868299
